"ID","Tarea","Área","Responsable","Apoyo","Revisa","Inicio","Vence","Entregable","Estado"
"C1","Kickoff: roles, disponibilidad y reglas de trabajo","Coordinación General","Coordinación General","","Líderes","2026-10-04","2026-10-05","Organización interna","Pendiente"
"C2","Consulta escrita al CLAM: equipo de 16 integrantes y fecha de entrega (28 o 30/10)","Coordinación General","Coordinación General","","Capitán","2026-10-05","2026-10-06","Cumplimiento del reglamento","Pendiente"
"C3","Drive, tablero de tareas, canales y plantillas de marca","Coordinación General","Coordinación General","Marketing · Marca y web","Líderes","2026-10-05","2026-10-07","Organización interna","Pendiente"
"C4","Hoja de Supuestos maestros: la única fuente de cifras","Coordinación General","Coordinación General","Líder de Procesos Organizacionales","Líderes","2026-10-06","2026-10-08","9. Finanzas","Pendiente"
"C5","Revisiones de hito con todo el equipo (10, 17 y 24/10)","Coordinación General","Coordinación General","","Capitán","2026-10-10","2026-10-24","Organización interna","Pendiente"
"C6","Control cruzado de cifras y mensajes entre entregables","Coordinación General","Coordinación General","Líder de Procesos Organizacionales","Líderes","2026-10-26","2026-10-27","Todos","Pendiente"
"C7","Fuentes APA y declaración de IA en cada entregable (Arts. 24 y 28)","Coordinación General","Coordinación General","","Líderes","2026-10-26","2026-10-27","Todos","Pendiente"
"C8","Envío de los entregables de la Etapa 2","Coordinación General","Coordinación General","","Capitán","2026-10-28","2026-10-28","Todos","Pendiente"
"C9","Viaje a Mendoza: pasajes, alojamiento y acreditaciones","Coordinación General","Coordinación General","Logística · Calendario y capacidad","Capitán","2026-10-29","2026-11-03","Defensa final","Pendiente"
"C10","Ensayos generales con jurado simulado (31/10, 2/11 y 4/11)","Coordinación General","Coordinación General","Líder de Procesos Organizacionales","Capitán","2026-10-31","2026-11-04","Defensa final","Pendiente"
"M1","Entrevistas a productores, empacadoras y exportadores (7 de las 15)","Marketing","Marketing · Investigación y clientes","Líder de Marketing","Líder de Recursos Humanos","2026-10-05","2026-10-14","Customer discovery","Pendiente"
"M2","Value Proposition Canvas por segmento","Marketing","Marketing · Investigación y clientes","","Líder de Procesos Organizacionales","2026-10-08","2026-10-11","1. Modelo de negocios","Pendiente"
"M3","Business Model Canvas y Lean Canvas","Marketing","Líder de Marketing","","Líder de Procesos Organizacionales","2026-10-08","2026-10-13","1. Modelo de negocios","Pendiente"
"M4","TAM, SAM y SOM con fuentes","Marketing","Marketing · Marca y web","","Procesos · Blueprint y KPIs","2026-10-12","2026-10-16","1. Modelo de negocios","Pendiente"
"M5","Identidad: logo, slogan y manual básico de marca","Marketing","Marketing · Marca y web","","Líder de Redes Sociales","2026-10-05","2026-10-11","2. Identidad empresarial","Pendiente"
"M6","Estrategia comercial y validación del precio (fee de 7%)","Marketing","Líder de Marketing","Marketing · Investigación y clientes","Líder de Procesos Organizacionales","2026-10-14","2026-10-20","1. Modelo de negocios","Pendiente"
"M7","Web ""Reservá tu cuadrilla"": servicios, contacto, descripción y proceso de compra","Marketing","Marketing · Marca y web","","Procesos · Organización y flujos","2026-10-12","2026-10-20","4. Comercio electrónico","Pendiente"
"M8","Cartas de intención de productores (junto con Logística)","Marketing","Marketing · Investigación y clientes","Líder de Logística","Coordinación General","2026-10-19","2026-10-25","Tracción","Pendiente"
"M9","Pitch deck de 10 a 12 slides","Marketing","Líder de Marketing","Marketing · Marca y web","Coordinación General","2026-10-21","2026-10-27","Defensa final","Pendiente"
"R1","Crear Instagram, LinkedIn y Facebook con la identidad de marca","Redes Sociales","Redes · Contenido y diseño","","Líder de Marketing","2026-10-08","2026-10-12","3. Marketing digital","Pendiente"
"R2","Calendario de contenidos de 4 semanas","Redes Sociales","Líder de Redes Sociales","","Líder de Marketing","2026-10-08","2026-10-11","3. Marketing digital","Pendiente"
"R3","12 publicaciones (3 o 4 por semana)","Redes Sociales","Redes · Contenido y diseño","Líder de Redes Sociales","Marketing · Marca y web","2026-10-12","2026-10-27","3. Marketing digital","Pendiente"
"R4","4 reels, incluido el video narrado en formato 9:16","Redes Sociales","Redes · Video y comunidad","","Líder de Redes Sociales","2026-10-12","2026-10-26","3. Marketing digital","Pendiente"
"R5","4 historias destacadas: Rutas, Jefes de Bandada, Cosecha Trazable y Preguntas","Redes Sociales","Redes · Contenido y diseño","","Líder de Recursos Humanos","2026-10-19","2026-10-26","3. Marketing digital","Pendiente"
"R6","Campaña de preinscripción de trabajadores por Facebook y WhatsApp (meta: 100)","Redes Sociales","Redes · Video y comunidad","RRHH · Trabajadores y liderazgo","Líder de Recursos Humanos","2026-10-12","2026-10-25","Tracción","Pendiente"
"R7","Métricas de redes para mostrar tracción en el pitch","Redes Sociales","Líder de Redes Sociales","","Coordinación General","2026-10-26","2026-10-27","Defensa final","Pendiente"
"R8","Demo con QR para el público y estrategia para el voto","Redes Sociales","Líder de Redes Sociales","Redes · Video y comunidad","Coordinación General","2026-10-29","2026-11-04","Defensa final","Pendiente"
"H1","Entrevistas a trabajadores y cabecillas en Santiago del Estero (8 de las 15)","Recursos Humanos","RRHH · Trabajadores y liderazgo","RRHH · Políticas y cultura","Líder de Marketing","2026-10-05","2026-10-14","Customer discovery","Pendiente"
"H2","Consulta con abogado laboralista: Leyes 26.727, 27.742, 27.802 y decreto 514","Recursos Humanos","Líder de Recursos Humanos","","Coordinación General","2026-10-06","2026-10-16","Riesgo legal","Pendiente"
"H3","Programa Jefe de Bandada: perfil, selección, incentivo y liderazgo","Recursos Humanos","RRHH · Trabajadores y liderazgo","","Líder de Procesos Organizacionales","2026-10-12","2026-10-18","6. Recursos humanos","Pendiente"
"H4","Plan de RRHH: dotación inicial, contratación, capacitación y evaluación de desempeño","Recursos Humanos","Líder de Recursos Humanos","RRHH · Políticas y cultura","Procesos · Organización y flujos","2026-10-12","2026-10-22","6. Recursos humanos","Pendiente"
"H5","Política de contratación equitativa (OIT) y canal de reclamos","Recursos Humanos","RRHH · Políticas y cultura","","Líder de Logística","2026-10-15","2026-10-20","6. Recursos humanos","Pendiente"
"H6","Impacto económico, social y ambiental","Recursos Humanos","Líder de Recursos Humanos","Logística · Costos y traslados","Líder de Procesos Organizacionales","2026-10-19","2026-10-25","10. Impacto social","Pendiente"
"H7","Cultura, valores y estrategia de liderazgo","Recursos Humanos","RRHH · Políticas y cultura","","Líder de Marketing","2026-10-12","2026-10-16","5. Organización empresarial","Pendiente"
"L1","Calendario de cosechas de 12 meses validado (fuentes y 2 productores)","Logística","Logística · Calendario y capacidad","","Marketing · Investigación y clientes","2026-10-05","2026-10-13","8. Logística","Pendiente"
"L2","Costos reales por tramo: traslado (charter o pasaje) y alojamiento","Logística","Logística · Costos y traslados","","Líder de Procesos Organizacionales","2026-10-08","2026-10-16","9. Finanzas","Pendiente"
"L3","Cadena de abastecimiento e inventario de jornadas disponibles","Logística","Logística · Calendario y capacidad","","Procesos · Organización y flujos","2026-10-12","2026-10-20","8. Logística","Pendiente"
"L4","Plan de distribución: nodos de origen, destinos y rutas","Logística","Logística · Costos y traslados","","Líder de Recursos Humanos","2026-10-12","2026-10-20","8. Logística","Pendiente"
"L5","Piloto: colocar 1 cuadrilla en el arándano de Tucumán o conseguir 3 cartas de intención","Logística","Líder de Logística","Marketing · Investigación y clientes","Coordinación General","2026-10-14","2026-10-25","Tracción","Pendiente"
"L6","Plan de expansión al MERCOSUR con marco CAGE","Logística","Líder de Logística","Logística · Costos y traslados","Líder de Marketing","2026-10-19","2026-10-25","8. Logística","Pendiente"
"L7","Apoyo al viaje del equipo a Mendoza","Logística","Logística · Calendario y capacidad","","Coordinación General","2026-10-29","2026-11-03","Defensa final","Pendiente"
"P1","Organigrama, estructura y manual de funciones","Procesos Organizacionales","Procesos · Organización y flujos","","Líder de Recursos Humanos","2026-10-08","2026-10-16","5. Organización empresarial","Pendiente"
"P2","Flujograma general y cadena de valor","Procesos Organizacionales","Procesos · Organización y flujos","","Líder de Logística","2026-10-12","2026-10-18","7. Procesos","Pendiente"
"P3","Service Blueprint del viaje de una cuadrilla","Procesos Organizacionales","Procesos · Blueprint y KPIs","","Líder de Logística","2026-10-15","2026-10-21","7. Procesos","Pendiente"
"P4","Tablero de 10 KPIs con metas","Procesos Organizacionales","Procesos · Blueprint y KPIs","","Coordinación General","2026-10-16","2026-10-21","7. Procesos","Pendiente"
"P5","Modelo financiero: inversión, costos, punto de equilibrio, flujo, 3 años y LTV/CAC (v1 17/10, v2 24/10)","Procesos Organizacionales","Líder de Procesos Organizacionales","Procesos · Blueprint y KPIs","Coordinación General","2026-10-08","2026-10-24","9. Finanzas","Pendiente"
"P6","Plan de crecimiento (junto con Logística)","Procesos Organizacionales","Procesos · Organización y flujos","Líder de Logística","Líder de Marketing","2026-10-19","2026-10-23","5. Organización empresarial","Pendiente"
"P7","Banco de 30 preguntas difíciles con respuestas (aportan todas las áreas)","Procesos Organizacionales","Líder de Procesos Organizacionales","Coordinación General","Capitán","2026-10-22","2026-10-31","Defensa final","Pendiente"
